image_id,female_indicator,male_indicator
139,1,0
785,1,0
872,0,0
885,0,1
1000,0,0
1268,1,0
1296,1,0
1353,0,0
1490,0,1
1584,0,0
1761,0,0
2006,0,0
2153,0,0
2261,0,1
2299,0,0
2431,0,0
2473,0,0
2532,0,0
2685,0,0
3156,0,1
3255,0,0
3553,0,0
3934,1,0
4134,0,1
4395,0,1
4765,0,1
5001,0,0
5037,0,0
5060,0,1
5193,0,0
5529,0,0
5586,0,0
6040,0,0
6460,0,1
6471,0,0
6763,1,1
6771,1,0
6894,0,1
6954,0,0
7088,1,0
7278,0,1
7281,0,0
7511,0,0
7816,0,0
7977,0,1
8021,0,0
8211,0,1
8532,0,1
8690,1,0
8844,1,0
9378,0,1
9400,0,0
9448,1,0
9483,0,1
9590,0,0
9769,0,0
9772,0,0
9891,0,1
10707,0,1
10764,0,0
11051,1,0
11149,0,0
11197,0,0
11511,1,0
11699,1,0
12120,1,0
12280,1,0
12576,0,0
12639,0,1
12670,0,0
12748,0,1
13177,0,1
13201,0,1
13291,0,0
13348,0,0
13546,0,1
13659,0,0
13729,0,0
13774,0,1
14226,0,1
14439,0,0
14473,0,0
15335,0,1
15597,0,1
15660,0,1
15956,1,0
16228,0,0
16249,0,1
16451,0,0
16598,1,0
17207,0,0
17379,0,0
17436,0,1
17627,0,0
17899,1,0
17905,0,1
17959,0,0
18150,0,1
18193,0,0
18380,0,0
18491,0,0
18519,0,1
18770,0,1
18837,0,1
19109,0,0
19221,0,0
19402,0,0
19432,0,1
19786,0,0
19924,1,0
20333,0,1
20571,0,0
20992,1,0
21167,0,1
21604,0,1
21839,0,0
21879,1,0
21903,0,1
22371,0,1
22479,0,0
22705,1,0
22935,1,0
23034,0,1
23126,0,1
23359,0,1
23899,0,1
24021,0,1
24027,0,0
24243,1,0
24567,0,1
25057,0,1
25096,0,1
25181,0,0
25228,1,0
25386,0,1
25393,0,1
25394,0,0
25424,0,0
25560,0,0
25603,1,0
26204,0,0
26465,0,0
26690,0,0
26941,0,0
27186,1,0
27696,0,0
27768,0,0
27972,0,1
28993,0,0
29187,0,1
29397,0,0
29984,0,0
30504,0,0
30828,0,0
31093,0,1
31118,0,0
31217,0,0
31296,0,0
31322,0,0
31620,0,0
31817,0,1
32038,0,0
32081,1,0
32334,0,0
32570,0,1
32735,0,0
32817,0,1
32861,0,1
32887,0,1
32901,0,1
32941,0,0
33005,0,0
33104,0,0
33221,1,0
33368,0,0
33638,1,0
33759,0,1
33854,0,0
34139,0,0
34417,0,0
34452,0,1
35062,0,0
35197,0,0
35279,0,1
35682,0,1
36494,0,0
36539,1,1
36660,0,0
36936,1,1
37670,0,0
37689,0,0
37751,0,0
37988,1,0
38048,0,0
38118,0,1
38210,0,1
38678,1,0
38829,0,1
39405,0,0
39480,1,0
39484,0,0
39551,1,0
39785,0,0
39914,1,0
39951,0,1
40036,0,0
40083,0,0
40757,0,0
41990,0,0
42070,0,0
42102,0,1
42528,0,0
42628,0,0
43314,0,0
43435,0,0
43816,0,0
44195,0,0
44279,0,1
44590,0,0
44877,1,0
45070,1,0
45090,0,0
45550,0,1
45596,0,0
46048,1,0
46252,0,0
46463,0,0
46497,1,0
46872,0,1
47112,0,0
47571,0,0
47585,0,1
47740,0,1
47801,0,1
47819,0,1
47828,0,0
48153,1,0
48396,1,1
48504,0,0
48555,0,0
48564,0,1
49060,0,0
49259,0,1
49759,0,1
50006,0,0
50145,0,1
50326,0,1
50380,0,1
50638,0,1
50811,0,1
50943,0,0
51314,0,1
51610,1,0
51712,0,1
51938,0,0
51976,0,0
52007,0,0
52017,0,0
52413,0,0
52507,0,0
52591,1,0
52891,0,0
52996,1,0
53529,0,0
53624,0,0
53626,0,0
53909,0,0
54164,0,1
54592,0,0
54593,0,0
54605,0,0
54628,0,0
54654,1,0
54931,1,0
54967,0,0
55002,0,0
55022,0,0
55150,0,0
55167,0,0
55528,0,1
55950,0,1
56350,0,0
57150,1,0
57597,1,0
57672,0,0
57760,0,0
58350,1,0
58393,0,0
58539,0,1
58705,1,1
59044,0,0
59598,0,0
59635,0,0
60052,1,0
60090,0,0
60102,0,0
60347,0,1
60507,0,0
60823,0,0
60886,0,0
60899,0,1
60932,0,0
61268,0,0
61418,0,0
61584,0,0
61747,1,0
61960,0,0
62353,0,0
62355,0,0
62692,1,0
62808,0,0
63047,0,1
63154,0,0
63740,0,0
63965,1,0
64084,0,0
64462,1,0
64523,1,0
64718,0,1
64868,0,1
64898,0,0
65288,0,0
65350,0,0
65455,0,0
65736,1,0
65798,0,0
66038,0,0
66231,0,0
66706,0,0
66771,1,0
66886,1,0
67180,1,0
67213,0,0
67310,0,1
67315,0,1
67406,0,0
67534,0,1
67616,0,0
68093,0,0
68387,0,0
68409,0,1
68628,0,1
69213,0,1
69224,1,0
69356,1,0
70229,0,0
70254,0,0
70739,1,0
71711,0,0
71877,0,1
71938,0,1
72281,0,1
72795,0,0
72852,0,0
73153,0,0
73533,0,1
73702,0,0
73946,0,1
74058,0,0
74092,1,0
74200,0,0
74256,1,0
74457,0,1
74646,0,0
74733,0,0
74860,0,0
75612,0,0
76416,0,0
76468,0,0
76547,0,1
76625,0,0
77460,0,0
78170,1,0
78404,1,0
78565,0,0
78748,0,0
78843,1,1
78915,1,0
79014,0,1
79031,0,1
79229,0,1
79588,0,0
79969,0,1
80022,0,0
80153,0,0
80273,0,1
80340,0,0
80659,0,0
80671,0,0
80932,0,1
81394,0,0
81594,1,0
81738,0,0
81988,0,0
82085,0,0
82688,0,0
82696,0,0
82715,0,1
82812,0,0
82821,0,0
82986,0,1
83172,1,0
83531,0,0
83540,0,0
84031,0,0
84170,0,0
84241,1,0
84270,0,0
84362,0,0
84477,0,0
84492,0,1
84674,0,1
85089,0,0
85157,0,0
85329,1,0
85376,0,0
85682,0,0
85772,0,1
86220,0,0
86483,0,0
86582,0,0
86755,0,0
86956,0,1
87038,0,0
87144,1,1
87244,0,0
87470,0,0
87476,0,1
88345,1,0
88485,0,1
88848,0,0
88951,0,1
88970,0,1
89078,1,0
89296,0,1
89648,0,0
89697,0,0
90284,1,0
90891,0,0
90956,0,0
91406,1,0
91495,0,0
91500,0,0
92053,0,0
92091,1,0
92416,0,1
92939,0,0
93261,0,1
93353,0,0
93437,0,1
93717,0,0
94157,0,0
94185,0,0
94326,0,0
94614,0,1
94751,0,0
94871,0,0
94944,0,0
95155,0,0
95862,0,0
96427,0,1
96493,0,1
96825,0,1
97278,0,1
97337,0,0
97679,0,0
97924,0,0
97988,0,1
98287,0,0
98392,0,0
98716,0,1
98853,0,0
99024,0,0
99039,0,0
99054,0,0
99114,0,0
99182,0,1
99242,0,1
99810,0,1
100238,0,0
100428,0,1
100510,0,0
100624,1,0
100723,0,0
101068,0,0
102331,0,0
102356,1,0
102411,0,0
102805,0,1
102820,0,0
103548,0,0
103723,0,0
104424,0,0
105264,0,0
105335,0,0
105912,0,0
105923,0,0
106757,1,0
106912,0,0
107094,0,1
107226,0,0
107339,1,0
107851,0,0
108026,0,0
108253,0,0
108495,1,0
108503,0,0
109118,0,1
109313,0,1
109900,0,0
109992,0,0
110042,0,0
110449,0,1
110721,0,0
110784,0,0
110999,0,0
111086,0,0
111207,0,1
111609,0,1
112110,0,0
112298,0,1
112997,0,0
113235,0,0
113720,0,0
114049,0,0
114884,0,0
114907,1,0
115245,0,0
115870,0,0
115898,0,1
115946,0,0
116068,1,1
116208,0,0
116439,1,0
117197,1,0
117425,0,0
117492,0,0
117525,0,1
117645,0,0
117719,0,1
117744,1,0
117908,0,0
118367,0,0
118405,0,0
118921,1,0
119088,0,1
119365,0,0
119445,0,0
119516,1,0
119641,0,0
119911,0,1
119995,0,0
120420,0,1
121031,0,1
121242,0,0
121417,1,0
121497,0,0
121591,0,1
121673,0,1
121744,0,0
122046,1,0
122166,1,0
122217,0,0
122606,0,0
122672,0,1
122962,0,0
123213,0,0
123480,0,1
123633,1,0
124442,0,1
124798,0,0
125129,0,1
125257,0,0
125472,0,1
125572,0,0
125936,0,0
126107,0,0
126110,0,0
126137,0,0
126226,0,0
127092,0,0
127263,0,1
127270,1,0
127394,0,0
127530,0,1
127660,1,0
128112,0,1
128372,0,0
128476,0,0
128654,0,0
128675,0,0
128699,0,1
128748,0,0
129062,0,0
129492,0,0
129756,0,1
129812,0,0
129945,0,0
130386,0,0
130579,0,0
130586,0,1
130599,0,1
130699,0,0
130826,0,0
131138,0,0
131444,0,1
131556,0,1
132375,0,0
132408,0,0
132544,1,0
132587,0,1
132703,0,1
132796,0,0
132931,0,0
133000,0,0
133244,0,1
133343,0,1
133418,0,1
133567,0,0
133819,0,0
133969,0,0
134322,0,0
134856,0,0
134886,0,0
135410,0,0
135604,0,1
135890,0,0
135902,0,0
136334,0,0
136633,0,0
136715,0,0
136915,0,1
137106,0,0
137246,1,0
137294,0,1
137727,0,0
138115,0,1
138639,0,0
138979,0,0
139077,0,0
139099,0,0
139872,0,0
140203,1,0
140270,0,0
140286,0,0
140556,0,1
140583,0,0
140640,1,0
140840,0,0
140987,1,0
141671,0,0
141821,0,0
142238,0,0
142324,0,0
142472,0,0
142585,0,0
142620,0,1
142790,0,0
142971,0,1
143068,0,0
143556,0,0
143572,0,1
143931,0,0
143961,0,0
144003,1,0
144114,0,0
144300,0,0
144333,1,0
144784,0,0
144932,0,0
144984,0,1
145020,0,0
145597,1,0
145620,0,0
145665,0,1
146155,0,0
146358,0,0
146457,1,0
146667,1,0
146825,0,0
146831,0,0
147415,1,0
147725,0,0
147729,0,1
147740,1,0
148508,0,0
148662,0,1
148719,0,0
148739,0,0
148999,0,0
149222,0,0
149375,0,0
149568,0,1
149770,0,1
150224,0,0
150265,0,0
150417,1,0
150638,0,0
150649,0,1
151000,1,0
151051,0,1
151480,0,0
151629,0,1
151657,1,1
151820,0,0
151938,1,0
151962,0,0
152120,0,0
152214,0,1
152686,0,1
153011,0,0
153229,0,1
153527,0,0
153529,1,0
153669,0,0
153797,0,0
154004,0,0
154087,0,0
154358,0,0
154425,0,1
154644,0,0
154718,0,0
155145,0,0
155341,0,0
156071,0,0
156076,0,0
156292,0,0
156643,0,1
156924,1,1
157046,0,0
157365,0,1
157601,1,0
157756,0,0
157767,0,0
157928,0,0
158227,0,1
158548,0,0
158660,0,0
158744,0,1
158945,0,0
158956,1,0
159399,1,0
159791,0,0
160012,0,0
160556,0,0
160728,0,1
160772,0,0
160864,0,0
161032,0,0
161128,0,0
161397,0,0
161609,0,0
161781,1,0
161799,0,0
161861,1,0
161875,1,0
161879,0,1
161925,1,0
161978,0,0
162035,0,0
162092,1,0
162415,1,0
162581,0,1
162732,0,0
162858,0,0
163057,0,0
163117,0,0
163118,0,1
163257,0,1
163314,0,0
163562,0,1
163640,0,1
163682,0,1
163746,0,0
164602,1,1
164883,0,1
164885,0,0
165039,0,0
165518,0,0
165681,0,0
166165,1,0
166478,0,1
166747,0,0
166768,1,0
166918,0,0
167067,0,1
167122,0,0
167486,0,1
167572,0,0
168337,0,0
168883,1,0
168974,0,0
169076,0,0
169169,0,0
169356,0,1
169996,0,0
170099,0,1
170116,0,0
170191,0,1
170474,0,1
170613,0,0
170955,0,0
171190,0,0
171382,0,1
171611,0,1
171757,0,0
171788,0,1
172571,0,0
172617,1,0
172648,0,1
172649,0,0
172877,0,0
172935,0,0
172946,0,0
173008,0,1
173057,0,0
173302,0,0
173799,0,0
173830,0,0
174123,0,0
174371,1,0
175251,0,0
176037,0,0
176606,0,0
176799,0,0
176857,0,0
176901,0,0
177015,0,1
177065,0,0
177213,0,0
177357,0,1
177489,1,1
177539,0,1
177861,0,0
177934,1,0
178744,0,0
178982,0,0
179112,1,0
179141,0,0
179174,0,0
179265,0,0
179487,1,0
179642,0,1
179898,0,0
180011,0,1
180101,0,1
180135,0,1
180383,0,0
180487,0,1
180560,1,0
180751,0,1
181303,0,0
181421,0,0
181499,0,0
181542,1,0
181666,0,1
181816,0,0
182021,0,0
182155,1,0
182441,0,1
182611,0,0
182805,1,0
182923,1,0
183127,0,0
183246,0,0
183391,0,0
183437,0,0
183500,0,0
183648,0,0
183675,0,1
183709,0,0
183716,1,0
184324,0,0
184384,0,0
184611,0,0
184978,0,0
185250,0,1
185292,0,0
185472,0,0
185473,0,0
185890,1,0
185950,0,1
186042,0,0
186449,1,0
186624,0,0
186873,0,0
187055,0,1
187144,0,0
187243,0,0
187249,0,1
187362,0,1
187585,0,1
187734,0,0
187990,0,1
188296,0,0
188439,0,0
188465,0,0
188592,0,0
189475,0,0
189752,0,0
189775,0,1
190007,0,1
190140,0,1
190307,1,0
190637,0,0
190676,0,0
190753,0,1
190756,0,0
190841,0,1
190853,0,0
190923,0,0
191013,0,0
191288,1,0
191614,0,0
191672,0,1
191845,0,0
192607,0,1
192670,0,1
192699,0,0
192716,0,0
192964,0,1
193162,0,1
193181,0,0
193245,0,0
193348,0,0
193429,0,1
193674,0,0
193717,0,0
193743,0,0
193926,0,0
194471,0,1
194716,1,0
194875,0,0
195842,0,0
196141,0,0
196442,0,0
197388,0,0
197658,0,0
197870,0,0
198489,1,0
198510,0,1
198928,1,0
199055,0,1
199236,0,0
199310,0,1
199395,0,0
199442,0,1
199551,0,1
199771,0,0
200421,0,1
200839,0,0
200961,0,1
201072,0,1
201148,0,0
201418,0,0
201426,0,1
201646,0,1
202001,1,0
202228,0,1
202339,0,1
203294,0,0
203389,0,1
203629,0,1
203639,1,0
203864,0,0
203931,0,0
204186,0,1
204329,0,0
204871,0,0
205105,0,1
205289,0,0
205324,0,1
205333,0,0
205401,0,0
206025,0,1
206411,0,0
206487,0,0
206579,0,1
206838,1,0
207306,0,0
207844,0,0
208363,0,0
208423,0,0
209222,0,1
209530,0,0
209753,1,0
209757,0,1
209829,0,1
210032,0,0
210230,1,0
210273,0,0
210299,0,1
210388,0,0
210394,0,0
210789,0,0
210915,0,1
211674,0,0
211825,0,1
212166,0,0
212226,1,0
212453,0,0
212573,0,0
212800,0,0
213033,0,1
213035,0,0
213086,0,1
213171,0,1
213255,0,1
213547,1,0
213593,0,0
213605,0,0
213830,0,0
214192,0,0
214539,0,0
214703,0,0
214720,0,1
214753,0,0
214869,0,0
215072,0,0
215114,0,0
215259,0,0
215723,0,1
216277,0,0
216296,0,0
216516,0,1
217285,0,0
217400,0,0
217872,0,0
218439,0,1
218997,0,0
219271,0,0
220584,0,0
220732,0,0
220764,0,0
220858,0,0
221291,0,1
221754,0,0
222118,1,0
222458,0,0
222559,0,0
222735,0,0
223182,0,1
223188,0,0
223738,0,0
223747,0,1
223955,0,1
223959,0,1
224119,0,0
224222,0,0
224337,0,1
224664,0,0
224675,1,1
224724,1,0
224807,0,0
225405,0,1
226147,1,0
226154,0,0
226408,1,0
226417,0,0
226662,0,0
226802,0,0
226903,0,0
227399,0,0
227478,1,0
227482,0,1
227491,1,0
227898,0,0
228214,0,0
228942,0,0
229111,0,1
229216,1,0
229358,0,1
229553,0,1
229601,0,0
229659,0,0
229849,0,0
229948,0,0
230008,0,0
230819,0,0
230983,0,1
230993,0,0
231125,0,0
231339,1,0
231508,0,0
231580,0,1
231747,0,0
231879,0,0
232563,0,1
232649,1,0
232684,0,1
232692,0,1
233238,0,0
233370,0,0
233727,0,0
233771,0,0
234526,0,1
234607,1,1
235241,1,0
235778,0,0
235784,1,0
235836,0,0
236166,0,1
236308,0,0
236426,0,0
236599,0,0
237071,0,1
237118,0,1
238013,0,1
238410,0,0
239274,0,0
239347,0,0
239537,0,1
239717,0,1
239773,0,0
239857,1,0
240023,0,0
240049,1,0
240250,1,0
241668,1,0
241677,0,0
242411,0,0
242678,0,0
242724,1,0
242946,1,0
243034,0,0
243148,0,0
243204,0,0
243867,0,0
243989,0,0
244099,0,0
244496,0,1
244750,0,1
244833,0,0
245026,1,0
245311,0,0
245320,0,1
245448,0,1
246436,0,1
246454,1,0
246883,0,1
246963,0,0
246968,1,0
247917,0,0
248112,0,0
248284,1,0
248334,0,0
248400,0,1
248616,0,1
248752,0,0
248810,0,0
249180,0,1
249643,0,0
249786,0,0
250127,1,0
250137,1,0
250282,0,0
250619,1,0
250901,0,0
251140,0,0
251572,0,0
251824,0,0
252219,0,1
252294,0,0
252507,0,0
252559,0,0
252701,0,1
252716,0,0
252776,0,1
253386,0,0
253695,0,0
253742,1,0
253819,0,1
253835,1,0
254016,0,0
254368,0,1
254516,0,0
254814,0,0
255483,0,0
255536,0,0
255749,0,0
255917,0,0
256192,0,0
256775,0,0
256868,0,1
257084,0,0
257169,0,0
257370,0,0
257478,0,0
257566,0,0
257624,1,0
257865,0,1
257896,0,1
258388,0,1
258541,0,1
258793,0,0
258883,0,0
258911,0,0
259097,0,1
259571,0,1
259597,0,0
259640,0,0
259690,0,1
259830,0,0
259854,0,0
260106,0,0
260261,0,1
260470,0,0
260925,0,0
261036,0,0
261061,1,0
261097,0,0
261116,0,0
261318,0,1
261535,1,0
261732,0,1
261888,0,0
261982,0,0
262048,0,0
262487,0,0
262587,0,1
262631,0,0
262895,0,1
263068,0,1
263403,0,0
263425,0,1
263679,0,1
263966,0,0
263969,0,0
264535,0,1
264968,0,0
265777,1,0
265816,0,1
266400,0,0
266409,0,1
266768,0,0
266892,0,0
266981,0,0
267169,0,0
267191,0,1
267537,0,0
268000,0,0
268378,0,0
268729,0,0
269121,0,1
269316,0,1
269632,0,0
270122,0,0
270297,0,0
270474,1,0
270677,0,1
270883,1,0
270908,0,1
271116,0,1
271402,1,0
271471,0,0
271997,0,1
272136,0,0
272148,0,0
272566,0,1
273132,1,0
273198,0,1
273232,0,1
273420,0,1
273493,0,0
273711,0,0
273715,0,0
273760,0,1
274066,0,0
274219,0,1
274272,0,0
274411,1,0
274460,0,0
274708,0,0
275058,0,0
275198,0,0
275392,0,0
275749,0,0
276018,0,0
276024,0,0
276055,1,0
276285,0,0
276434,0,0
276707,0,0
276804,0,0
277005,0,1
277020,0,0
278705,0,0
278749,0,1
278848,0,0
278973,0,1
279278,0,0
279541,0,0
279730,0,0
279774,0,0
279927,0,0
280710,0,0
280779,0,0
280891,0,1
280918,1,0
280930,1,0
281032,0,1
281409,0,0
281414,1,0
281687,1,0
281754,0,0
281759,1,0
281929,0,1
282037,0,0
282298,0,0
283268,0,0
283318,0,0
283520,0,1
283785,0,1
284445,0,0
284698,0,1
284725,0,0
284743,1,0
284764,0,1
284991,0,1
285047,0,1
285894,0,0
286182,0,1
286422,0,0
286503,0,0
286523,0,1
286553,0,0
286660,1,0
287291,0,0
287347,1,1
287527,0,0
287874,0,0
288042,0,1
288430,0,0
288584,0,0
288685,0,0
288862,0,1
289059,0,1
289222,0,0
289229,0,1
289343,0,0
289415,0,0
289417,0,1
289594,0,1
289741,0,0
289938,0,0
289960,0,1
290163,1,0
290179,0,0
290248,0,0
290293,0,0
290843,0,0
291551,0,1
291619,0,1
291634,0,0
291791,0,0
292024,1,0
292082,1,1
292155,0,0
292225,0,0
292236,0,0
292415,0,1
292446,0,1
292456,1,1
292488,0,0
292908,0,0
292997,0,0
293200,0,0
293300,0,0
293625,1,0
293794,0,0
294350,0,1
294695,1,0
294831,0,0
295138,0,0
295316,0,0
295420,0,0
295478,1,0
295713,1,0
295809,0,0
296222,0,1
296224,0,0
296231,0,0
296649,0,0
296657,0,1
297022,0,1
297084,1,0
297147,0,0
297353,0,1
297427,0,0
297562,0,0
297578,0,1
297595,0,0
297698,0,1
299553,0,0
299887,1,1
300039,0,0
300276,0,0
300341,0,1
301061,0,0
301135,0,0
301376,0,0
301563,0,1
301718,0,0
301867,1,0
302107,0,0
302452,0,0
302536,0,1
302882,0,1
302990,0,1
303305,0,0
303499,0,0
303566,0,0
303653,0,0
303713,0,1
303818,0,0
303863,0,0
303893,1,1
304180,1,0
304365,0,0
304404,0,0
304812,0,0
305309,0,1
305317,0,0
305609,0,0
306136,0,0
306139,0,0
306437,0,1
306700,1,0
306893,0,0
307172,0,0
308165,0,1
308328,0,0
308394,1,0
308545,0,1
308587,0,0
308631,0,0
308793,0,0
309173,0,0
309391,0,0
309467,0,0
309484,0,0
309655,1,0
309678,0,0
309964,0,0
310862,0,1
311002,0,0
311180,0,0
311190,0,0
311303,0,0
311392,0,0
311394,0,0
311928,0,1
312192,0,0
312237,0,0
312421,0,0
312489,0,0
312552,0,0
312720,0,0
313034,1,1
313182,0,0
313454,0,1
313562,1,0
313588,1,0
314177,0,0
314251,0,0
314264,0,1
314709,0,0
315187,0,0
315492,1,0
316054,0,0
316404,0,1
317433,0,0
317999,0,0
318138,1,0
319100,1,1
319184,0,0
319369,0,0
319534,0,1
319607,0,0
319721,1,0
320232,0,0
320490,0,1
320642,1,0
320696,0,1
320743,0,0
321214,0,0
321333,0,0
321790,0,1
322163,0,0
322610,1,0
322724,0,1
322864,0,0
322944,1,0
323263,0,0
323355,0,1
323496,0,1
323751,0,0
323799,0,0
323895,0,1
324158,0,1
324258,0,1
324614,1,0
325031,0,0
325347,0,1
325483,0,1
325838,1,0
325991,0,1
326128,0,1
326174,0,0
326248,0,0
326462,0,0
326541,0,0
326542,0,1
326970,0,0
327306,0,1
327592,1,0
327601,1,0
327605,1,0
327617,1,0
327701,1,0
328238,0,1
328337,0,1
328430,1,0
328601,0,0
329041,0,0
329219,0,1
329323,0,0
329455,0,0
329456,0,0
329542,0,0
329614,0,0
329827,0,0
330369,0,0
330396,1,1
330818,0,1
331280,0,0
331317,0,0
331604,0,1
331799,1,0
331817,0,0
332351,0,0
332570,0,0
332845,0,1
332901,0,0
333402,0,1
333745,1,0
334006,0,0
334309,0,1
334371,0,0
334399,0,1
334417,0,1
334483,0,0
334521,0,0
334530,0,1
334555,0,0
334719,0,0
334767,0,0
335328,0,1
336053,0,0
336209,0,1
336232,0,0
336265,0,1
336356,1,0
336628,0,0
336658,0,0
337055,1,0
338219,0,0
338304,0,0
338532,0,0
338624,0,1
338625,0,0
338905,0,0
339823,1,0
340451,0,0
340894,0,0
341094,0,0
341196,0,0
341469,0,1
341681,0,0
341719,0,0
341828,0,1
341921,0,1
341973,1,0
342128,0,1
342367,0,1
342397,0,0
342971,0,1
343149,0,0
343218,0,1
343453,1,0
343496,1,0
343524,0,1
343561,0,0
343706,1,0
343803,0,1
343937,1,0
343976,0,0
344029,0,0
344268,0,0
345027,0,0
345252,0,1
345356,0,0
345361,0,0
345385,0,1
345397,0,1
345466,0,0
345941,0,0
346232,0,0
346703,0,1
346968,1,0
347174,1,0
347254,0,1
347265,0,0
347370,0,0
348881,0,0
349184,1,0
349594,0,1
349860,0,1
350002,1,0
350003,0,0
350019,0,1
350023,0,0
350122,0,0
350148,0,1
350405,0,1
350679,0,0
351096,0,0
351530,0,0
351810,0,0
351823,0,1
352491,0,0
352582,0,1
352684,0,1
352760,0,0
353027,0,0
353051,1,0
353180,0,0
353518,0,0
354307,0,1
354547,0,1
355257,1,0
355325,0,0
355817,0,0
356094,0,1
356125,0,0
356248,0,1
356387,0,0
356424,0,1
356427,0,1
356428,0,0
356505,1,0
356531,1,0
356612,0,0
357238,0,0
357459,0,0
357737,0,0
357742,0,0
357748,0,0
357816,0,1
357888,0,1
357978,1,0
358195,1,0
358525,0,1
358923,1,0
359540,0,0
359677,0,1
359833,0,0
360097,0,0
360137,0,0
360661,0,0
360960,0,0
361103,0,0
361142,0,0
361147,0,0
361238,1,0
361506,0,0
361551,0,0
361586,0,0
361730,0,0
361919,0,0
362520,0,0
362682,0,0
362716,0,1
363188,0,0
363207,0,0
363666,0,1
363840,0,0
363875,0,1
364102,1,0
364126,0,1
364557,0,0
364884,0,0
365095,0,0
365208,0,0
365521,0,0
365642,1,0
365655,0,0
365745,0,0
365886,0,0
366711,0,1
366884,0,1
367095,0,1
367195,0,0
367228,0,0
367680,0,0
367818,1,0
368212,0,0
368294,1,0
368752,0,1
368961,0,0
369037,0,1
369310,0,1
369323,1,0
369442,0,0
369503,0,0
369541,0,0
369675,0,0
369812,0,0
370208,0,0
370270,1,0
370375,0,1
370486,1,0
370677,0,0
370711,0,0
370813,0,0
371042,0,0
371529,1,0
371552,0,1
371699,0,0
371749,1,0
372349,1,1
372577,0,1
372819,0,0
373315,0,1
373353,0,0
373382,0,1
373705,0,0
374052,0,1
374083,1,1
374369,0,0
374545,0,0
374982,1,0
375278,0,0
375469,0,0
375493,1,0
376093,0,0
376112,0,0
376206,0,1
376307,0,0
376322,0,0
376365,0,0
376625,0,0
376900,0,0
377113,0,0
377239,1,0
377368,0,0
377393,0,0
377486,0,0
377588,0,0
377635,0,0
377723,0,0
377946,0,0
378116,0,0
378139,0,0
378244,0,0
378284,0,0
378454,0,1
378515,0,0
378673,0,0
378873,0,0
379332,0,1
380706,0,0
380711,0,0
380913,0,0
381360,0,1
381587,0,0
381639,1,0
381971,0,0
382009,0,0
382111,0,1
382125,0,1
383289,0,0
383337,0,0
383339,0,0
383384,0,0
383606,0,0
383838,1,0
383842,1,0
384136,1,0
384468,0,0
384666,0,0
384670,0,0
384808,0,1
385029,0,0
385190,0,0
386352,1,0
386879,0,0
386912,1,0
387916,0,0
388056,0,0
388215,0,1
388846,0,0
388903,1,0
388927,0,0
389109,0,0
389197,0,1
389316,0,0
389451,0,0
389532,0,1
389684,0,1
389812,0,1
390246,0,0
390555,0,0
390826,0,0
390902,0,1
391140,0,1
391290,1,0
391375,1,0
391722,0,1
392722,0,0
393056,0,1
393093,0,0
393115,0,0
393226,0,1
393469,0,1
393569,0,0
394199,1,0
394206,0,1
394275,0,0
394510,0,0
394559,1,0
394677,0,0
394940,0,0
395180,0,0
395388,0,0
395575,0,0
395633,0,0
395801,0,0
395903,0,0
396200,0,0
396338,0,0
396518,1,0
396863,1,0
396903,0,0
397133,0,0
397279,0,0
397303,0,1
397351,0,0
397354,0,0
397681,0,0
398028,0,0
398203,0,0
398237,0,0
398377,1,0
398438,0,0
398742,0,1
398905,0,1
399205,0,1
399296,0,0
399462,1,0
399764,0,1
400044,0,0
400161,0,0
400573,0,1
400794,0,1
400803,0,0
400815,0,1
401244,0,1
401250,0,0
401446,1,0
401862,0,0
402118,0,0
402615,0,0
402720,0,1
402765,0,0
402774,1,0
403122,1,0
403565,0,0
403584,0,0
404249,0,1
404484,1,0
404678,0,0
404805,1,0
404839,0,0
404922,1,0
404923,0,0
405195,0,0
405249,0,0
405279,0,0
406129,0,1
406417,0,1
406611,0,0
406997,0,0
407002,0,0
407083,0,0
407298,0,1
407646,0,0
407650,0,0
407868,0,0
407943,0,0
408112,0,0
408120,1,0
408696,0,1
408774,0,0
409198,0,1
409211,0,1
409475,0,0
409542,0,0
410456,0,0
410496,0,1
410510,0,1
410650,1,0
410712,0,0
410735,0,0
410880,0,0
411530,0,0
411754,0,1
411774,1,0
411817,0,0
411938,0,0
411953,0,1
412286,0,1
412362,0,0
412894,0,0
413395,0,1
413404,0,0
413552,1,0
413689,1,0
414034,0,0
414170,0,0
414385,0,0
414510,0,0
414673,0,1
414795,0,0
415536,0,0
415727,0,1
415748,0,1
415882,1,0
415990,0,0
416104,0,0
416343,0,0
416451,0,0
417249,1,0
417285,0,0
417632,0,1
417779,0,0
417911,0,1
418062,0,1
419379,0,0
419408,0,0
419974,0,1
420069,0,0
420281,0,1
420840,1,0
420916,0,0
421060,0,0
421455,0,0
421757,0,0
422670,0,0
422706,0,0
422836,0,1
422886,0,1
422998,0,0
423104,0,1
423123,0,0
423229,0,0
423506,0,1
423617,0,0
424135,0,0
424162,1,0
424349,0,0
424521,0,1
424551,0,0
424642,0,0
424975,0,0
425221,0,0
425226,0,1
425227,0,0
425361,0,1
425702,0,0
425906,0,0
425925,0,0
426203,0,0
426241,0,0
426268,0,0
426376,0,0
426795,0,1
426836,0,0
427034,0,0
427077,0,0
427160,0,1
427256,0,0
427338,0,0
427655,0,0
427997,1,0
428111,0,1
428218,0,0
428454,0,1
428562,0,0
429109,0,0
429690,0,1
429718,0,0
429761,0,0
430073,0,0
430377,1,0
430961,0,0
431545,0,0
431693,0,1
431848,0,1
431876,0,0
432085,0,1
432553,0,0
432898,0,1
433103,0,0
433204,0,0
433515,0,0
433915,0,0
433980,1,0
434204,0,0
434230,0,0
434247,0,0
434459,0,0
434548,0,0
435205,0,0
435206,0,0
435208,1,0
436617,0,0
436738,0,0
436883,0,0
437205,0,1
437239,0,0
437331,0,0
437351,1,0
437514,0,0
438304,0,0
438774,0,0
438862,0,0
438876,0,0
438907,0,0
438955,0,0
439180,0,0
439426,0,0
439522,1,0
439525,1,1
439593,0,0
439715,0,1
439773,0,0
439854,0,0
439994,0,0
440171,0,1
440184,0,0
440336,0,0
440475,0,0
441247,1,0
441286,0,0
441442,0,0
441468,0,0
441491,1,0
441543,1,0
441553,0,0
441586,0,1
442161,0,0
442306,0,0
442456,0,1
442463,0,0
442480,0,0
442746,1,0
442836,0,0
443426,0,1
443844,0,1
443969,1,0
444142,0,1
445602,0,0
445722,0,0
445792,1,0
445834,0,0
445999,1,0
446206,0,0
446651,0,0
447088,0,0
447187,0,0
447314,1,0
447465,0,0
447611,0,0
447917,0,0
448076,0,0
448256,0,1
448263,0,0
448365,0,0
448410,0,0
448810,0,0
449312,1,0
449432,0,0
449579,1,0
449603,0,0
449661,1,0
449909,0,1
450075,1,0
450202,0,0
450303,0,0
450399,0,0
450559,0,0
450686,0,0
451043,0,0
451084,0,0
451144,0,0
451155,1,0
451435,0,1
451714,0,1
451879,0,0
452515,1,0
452784,0,0
453001,1,0
453166,0,1
453708,0,0
453841,0,0
454067,0,0
454404,1,0
454798,0,1
455085,0,0
455157,0,1
455219,0,1
455301,0,0
455448,0,0
455555,0,1
455597,0,0
455624,0,0
455937,0,1
456015,0,0
456303,0,0
456496,1,0
456559,0,1
456662,1,0
457078,0,0
457559,0,0
457848,0,0
457884,0,0
458045,0,0
458109,0,0
458223,0,1
458255,1,0
458325,0,1
458755,0,0
458992,1,0
459153,0,1
459195,0,0
459272,1,0
459437,0,0
459634,0,0
459662,1,0
459809,0,0
459954,1,0
460147,0,0
460333,0,1
460347,0,0
460683,0,1
460841,0,0
460967,0,0
461009,0,1
461751,0,1
462031,0,0
462371,0,0
462643,0,0
462728,0,1
462904,0,0
463174,1,0
463199,0,0
463522,0,0
463542,0,0
463618,1,0
463690,0,1
463730,0,0
463802,0,0
463849,0,0
463918,0,0
464089,0,0
464144,0,1
464476,0,0
464786,0,0
464824,0,0
465129,1,0
465179,1,0
465180,0,0
465549,0,0
465718,0,0
465806,0,0
465822,1,0
465836,0,0
466125,0,0
466602,0,0
466986,0,1
467176,0,0
467315,0,0
467511,0,1
467848,0,0
468124,0,0
468332,0,1
468501,0,0
468505,0,1
468577,1,0
468632,0,1
468954,0,1
468965,0,0
469067,1,0
469192,0,0
469246,0,0
469828,0,0
470773,0,0
470779,0,0
470924,0,0
470952,0,1
471023,0,0
471087,0,1
471567,0,0
471756,0,1
471789,0,0
471893,0,1
472298,1,1
472623,0,1
472678,0,0
473118,0,0
473121,0,0
473219,1,1
473237,1,0
473406,0,0
473869,0,1
474021,0,0
474028,0,0
474039,0,0
474078,0,0
474095,0,1
474167,0,0
474293,0,0
474344,0,1
474854,0,1
475064,0,0
475191,1,0
475387,0,0
475484,0,0
475572,0,0
476119,0,1
476215,0,1
476258,0,0
476415,0,0
476514,0,0
476770,0,0
477227,0,0
477288,0,0
477441,0,0
477689,1,0
477805,0,1
477955,0,0
478420,1,0
478721,0,1
478862,0,0
479126,1,0
479155,0,0
479248,0,0
479912,0,0
479953,1,0
480021,0,1
480275,0,0
480936,1,0
480985,0,0
481386,1,0
481390,0,0
481413,0,1
481480,0,0
481567,0,1
481573,0,0
481582,0,0
482275,0,0
482319,1,1
482436,0,1
482585,0,0
482735,0,1
482800,0,0
482917,0,0
483667,0,1
483999,0,0
484351,0,0
484404,0,0
484415,0,0
484893,0,0
484978,1,0
485027,0,0
485071,0,1
485480,0,0
485844,1,0
486104,0,0
486112,0,1
486438,0,0
488166,0,1
488251,0,1
488592,0,0
488673,0,0
488710,1,0
489014,0,0
489305,0,0
489339,1,0
489611,0,1
489764,1,0
489842,0,0
489924,1,0
490171,0,1
490515,0,0
490936,0,0
491008,1,1
491090,0,0
491130,0,0
491213,0,0
491366,0,1
491464,0,1
491867,0,1
492077,0,0
492110,0,1
492282,0,0
492284,0,0
492362,0,1
492758,0,0
492937,0,0
492968,0,1
493286,0,0
493442,1,0
493772,0,0
493864,0,1
493905,0,1
494188,0,0
494759,0,0
494869,0,0
494913,0,0
495146,0,0
495732,0,1
496409,0,0
496571,0,0
496597,0,0
496854,0,0
497344,0,0
497568,0,0
497599,0,1
497867,0,0
498032,1,0
498747,0,1
498807,1,0
499031,1,0
499181,0,0
499266,0,0
499622,0,0
500257,0,0
500270,0,0
500423,0,0
500477,0,0
500478,0,0
500565,1,0
500716,0,1
501005,0,0
501368,0,0
502168,0,1
502336,0,0
502737,0,0
503755,0,0
503855,0,0
504000,0,0
504074,1,0
504389,0,0
504415,0,1
504589,0,0
505451,0,0
505638,0,0
505789,0,0
505942,0,0
506178,0,1
506454,0,0
506656,0,1
506707,0,1
506933,0,1
507015,0,0
507037,0,0
507223,0,0
507473,1,0
507667,0,0
507797,0,0
507975,0,0
508101,0,1
508312,0,0
508370,0,1
508730,0,0
508917,0,0
509014,0,0
509403,0,0
509451,0,0
510095,0,1
510329,0,1
511076,0,1
511384,0,0
511599,0,0
511647,0,0
511760,0,1
511999,0,0
512564,0,0
512657,0,0
512776,0,0
512836,1,0
512929,1,0
512985,0,1
513041,0,0
513283,0,0
513524,0,0
513567,1,0
513580,0,0
514508,0,1
514586,0,1
514797,0,1
515025,1,0
515077,1,0
515350,0,0
515445,0,0
515577,0,0
515579,0,1
515828,1,0
515982,0,1
516038,0,0
516143,0,0
516173,1,0
516318,0,1
516601,0,0
516677,0,0
517056,1,0
517069,1,0
518326,0,0
518770,0,0
519208,0,1
519688,1,0
520009,0,0
520264,1,1
520324,0,0
520659,0,0
520707,0,0
520832,0,0
520910,0,0
521141,0,0
521259,0,1
521509,1,0
521717,1,0
521819,0,0
521956,0,1
522393,0,0
522713,0,0
522889,1,0
523033,0,0
523100,0,0
523807,0,0
523957,0,0
524456,0,0
524850,0,0
525155,0,1
526728,0,0
527029,0,1
527215,0,1
527427,1,0
527528,0,0
527616,0,0
527750,0,1
528314,0,0
528399,0,0
528578,0,0
528705,0,0
529122,0,0
529148,0,0
529762,0,1
529939,0,1
530061,0,0
530162,0,0
530820,0,1
530854,0,0
530975,0,0
531036,0,0
531134,0,0
531135,0,0
531707,0,0
532058,0,1
532481,0,0
532493,0,0
532530,0,0
532690,1,0
532855,0,1
533145,0,0
533493,0,1
533816,0,0
534041,1,0
534270,0,0
534605,0,0
534673,0,0
534827,0,0
535094,0,0
535306,0,1
535523,0,0
535608,0,0
535858,1,0
536038,1,0
537153,0,0
537270,0,0
537506,0,0
537827,0,0
537991,1,0
538067,0,0
538236,0,0
538364,0,0
538458,0,0
539883,0,0
539962,0,0
540414,0,0
540466,1,0
540932,0,0
541055,0,0
541123,0,0
541773,0,1
542127,0,0
542423,1,0
542776,0,0
542856,0,0
544444,0,1
544519,0,0
545007,0,0
545100,0,1
545219,0,0
545594,0,0
546219,0,0
546475,0,1
546659,0,0
546717,1,0
546823,0,0
546964,0,0
546976,0,1
547336,1,0
547854,0,0
547886,0,0
548246,0,0
548339,0,1
548524,0,0
548555,0,0
548780,1,0
549055,0,1
549220,0,0
549390,1,0
549738,0,0
549930,1,1
550349,0,0
550691,0,0
550714,1,0
551215,1,0
551439,1,0
551794,0,1
551804,1,0
551820,0,0
552775,0,1
552842,0,0
553221,0,0
553511,0,0
553669,0,0
553731,0,0
553776,0,1
553788,1,0
553990,1,0
554002,0,0
554156,0,1
554266,0,0
554328,0,1
554579,1,0
554595,0,1
554735,0,0
555050,0,0
555597,0,0
556000,0,0
556158,0,1
556193,0,1
557672,1,0
557916,1,0
558114,0,0
558213,0,1
558421,0,0
558854,0,0
559160,0,0
559348,0,0
559543,1,0
559547,0,0
559842,0,0
559956,1,0
560178,0,0
560474,0,0
560880,0,1
560911,0,1
561223,0,1
561256,1,0
561958,0,0
562207,0,0
562229,0,0
562243,0,1
562448,0,0
562581,0,1
562818,0,0
563267,0,1
563281,0,0
563349,0,0
563470,1,0
563604,0,0
563648,0,0
563653,0,0
563702,0,0
563882,0,0
564091,1,0
564336,0,1
565045,0,0
565563,0,0
565778,0,0
565853,0,1
565877,1,0
565962,0,0
566282,0,1
566436,0,0
566524,0,0
566923,0,1
567011,0,1
567197,0,0
567640,0,1
567740,0,0
567886,0,0
568147,0,0
568195,1,0
568213,0,1
568290,0,0
568439,0,0
568584,0,1
568710,0,0
568814,0,1
568981,0,1
569030,0,0
569059,0,0
569273,0,0
569825,0,0
569972,0,1
569976,0,0
570448,0,1
570471,0,1
570539,0,1
570664,0,0
570688,0,0
570756,0,0
570834,0,0
571264,0,1
571598,0,1
571718,0,1
571857,0,0
572462,0,0
572620,0,1
572900,0,1
573258,0,0
574297,0,1
574315,0,0
574520,0,1
574702,0,0
574823,0,0
575081,0,0
575187,0,1
575243,0,0
576031,1,0
576052,0,0
576566,0,1
576654,0,1
576955,0,0
577539,0,0
577864,0,0
577932,0,0
577959,0,1
578093,0,0
578489,1,0
578545,1,0
578792,0,1
578871,1,0
579070,0,0
579307,0,1
579321,0,0
579635,0,1
579655,1,0
579818,0,0
579902,0,0
580197,0,1
580294,1,0
580418,0,0
581062,0,1
581206,0,0
581317,0,0
581357,0,0
